sample	source	METRIC.F1 Score	METRIC.Precision	METRIC.Recall
PGPC-02	1.saliva	0.6368715083798883	0.6805970149253732	0.5984251968503937
PGPC-02	2.buccal	0.4771653543307086	0.5964566929133859	0.3976377952755905
PGPC-05	1.saliva	0.6201923076923077	0.6626712328767124	0.5828313253012049
PGPC-05	2.buccal	0.625920471281296	0.6123919308357348	0.6400602409638554
PGPC-06	1.saliva	0.6032417195207892	0.6397608370702541	0.5706666666666667
PGPC-06	2.buccal	0.6017069701280228	0.6448170731707317	0.564
PGPC-50	1.saliva	0.6138775510204081	0.6516464471403813	0.5802469135802469
PGPC-50	2.buccal	0.657707509881423	0.6742301458670988	0.6419753086419753
