sample	source	METRIC.F1 Score	METRIC.Precision	METRIC.Recall
PGPC-02	1.saliva	0.6055944055944056	0.6482035928143712	0.568241469816273
PGPC-02	2.buccal	0.4714173844949099	0.5844660194174758	0.39501312335958
PGPC-05	1.saliva	0.618066561014263	0.6521739130434783	0.5873493975903614
PGPC-05	2.buccal	0.6125730994152047	0.5951704545454546	0.6310240963855421
PGPC-06	1.saliva	0.6062670299727522	0.6197771587743732	0.5933333333333334
PGPC-06	2.buccal	0.5980253878702397	0.6347305389221557	0.5653333333333334
PGPC-50	1.saliva	0.615	0.6684782608695652	0.5694444444444444
PGPC-50	2.buccal	0.6503164556962026	0.6672077922077922	0.6342592592592593
