sample	source	METRIC.F1 Score	METRIC.Precision	METRIC.Recall
PGPC-02	1.saliva	0.6236860546601262	0.6691729323308271	0.583989501312336
PGPC-02	2.buccal	0.4759653270291568	0.5956607495069034	0.3963254593175853
PGPC-05	1.saliva	0.6237942122186496	0.6689655172413793	0.5843373493975904
PGPC-05	2.buccal	0.6249078850405305	0.6118326118326118	0.6385542168674698
PGPC-06	1.saliva	0.6084507042253521	0.6447761194029851	0.576
PGPC-06	2.buccal	0.5941719971570718	0.6362252663622526	0.5573333333333333
PGPC-50	1.saliva	0.6121112929623569	0.6515679442508711	0.5771604938271605
PGPC-50	2.buccal	0.6460807600950119	0.6634146341463415	0.6296296296296297
